{
  "train_loss": [
    1.4734751435279847,
    1.323825603580475,
    1.2760742463111878,
    1.2805182781219482,
    1.2631441950798035,
    1.25730331697464,
    1.2486903866767882,
    1.222418473815918,
    1.1570244524002076,
    1.11433314037323,
    1.1054886227607728,
    1.0688829561710358,
    1.0735828979492188,
    1.0507428776741028,
    1.0683288634300232,
    1.026291638994217,
    1.0378316418647766,
    1.0431763431549073,
    1.0259159558296203,
    1.0293232481956482
  ],
  "train_acc": [
    0.28212289529160045,
    0.40447065736055376,
    0.4348992082834244,
    0.44274022363424304,
    0.45175974060297014,
    0.4643469863295555,
    0.4562710665345192,
    0.4812948637366295,
    0.5391833823680877,
    0.5640725673437118,
    0.5801719738721848,
    0.5978533901453018,
    0.6036035193920135,
    0.6210123309135437,
    0.6061925213336945,
    0.632083207154274,
    0.6240287329435349,
    0.6185646363258361,
    0.6276255032539367,
    0.6272549249172211
  ],
  "val_loss": [
    1.5052382817253596,
    1.373564975459051,
    1.2775597073114673,
    1.2582060880711672,
    1.2586893651167763,
    1.2384850955104447,
    1.2102189670890346,
    1.1625402147868082,
    1.1152978771922335,
    1.1015112349394942,
    1.0741524591863867,
    1.051180196156698,
    1.048932006317939,
    1.0306197773201795,
    1.0369923600795892,
    1.0275071814504542,
    1.0208624843582215,
    1.026843981386128,
    1.0161672899183736,
    1.014625214854929
  ],
  "val_acc": [
    0.7003098716246127,
    0.7596281540504648,
    0.8180610889774237,
    0.9017264276228419,
    0.8636564851704294,
    0.8658698539176627,
    0.8888888888888888,
    0.9482071713147411,
    0.9853917662682603,
    0.9548472775564409,
    0.9853917662682603,
    0.9862771137671537,
    0.981850376272687,
    0.983178397521027,
    0.981850376272687,
    0.9898185037627268,
    0.9827357237715804,
    0.9898185037627268,
    0.9681274900398407,
    0.9911465250110668
  ]
}